ID,Password,Full Name,Email Address,Card Number,CVV,Expiry Date,Times Rented,Current Car,Account Type
ByteBard,3&yU*6b$zW,Grace Kim,quantumwave82@hotmail.com,12345678901234,237,22-Jun,0,None,Customer
CipherSeekr,9m$zJp#7x@,Elijah Singh,midnightowl55@yahoo.com,12345678901234,678,28-Sep,0,None,Admin
CyberPhoenix,Qr4p@9Ks2%,Liam Rodriguez,cosmicdreamer23@yahoo.com,12345678901234,234,23-May,0,None,Customer
EchoExplorer,5sL!z6*Tv#,Noah Chang,silverarrow72@outlook.com,12345678901234,456,24-Oct,0,None,Customer
GalacticGuru,L%5p&9s@X,Jackson Walker,mysticdragon44@yahoo.com,12345678901234,235,26-Jan,0,None,Admin
NebulaNomad,x@8o2%Rw1b,Mia Donovan,radiantstar67@gmail.com,12345678901234,567,20-Aug,0,None,Customer
PixelPioneer,*HnG3$yP8@,Aria Patel,electricpulse89e@hotmail.com,12345678901234,345,23-Nov,0,None,Customer
QuantumCoder,J#v7&mLb!z,Isabella Bennett,bluecloud45@gmail.com,12345678901234,123,26-Feb,0,None,Customer
SolarSpectre,K#8rP!4w9s,Lucas Morales,emeraldgazer99@outlook.com,12345678901234,890,26-Jul,0,None,Customer
SonicScribe,Qq12345678,Ava Nguyen,fireflyspark23@gmail.com,12345678901234,124,27-Apr,0,None,Customer
abdbbdii,qQ12345678,Abdul Rahman,ar69king@gmail.com,12345678901234,123,29-Dec,0,None,Admin
